48930,12345,Concierge
49582,12346,Concierge
49583,12347,Concierge
43948,12348,Concierge
34255,12349,Concierge
85356,12350,Concierge
49854,12351,Concierge
45840,12352,Concierge
40582,12353,Concierge
43058,12354,Concierge
34589,12345,Valet
34590,12346,Valet
34591,12347,Valet
34592,12348,Valet
34593,12349,Valet
34594,12350,Valet
34595,12351,Valet
34596,12352,Valet
34597,12353,Valet
34598,12354,Valet
34599,12345,Concierge
34600,12345,Delivery
34601,12345,Maintenance
34602,12345,Valet
34603,12345,Concierge
34604,12345,Clerical
34605,12345,Clerical
34606,12345,Clerical